month,calendar,jobs_target,mix_A/B/C,revenue_target,margin_target,cum_capex_%_target,jobs_actual,revenue_actual,margin_actual,postproc_hours_actual,notes
1,2026-11,4,2/2/0,39900,27397,1,,,,,
2,2026-12,4,2/2/0,39900,27397,2,,,,,
3,2027-01,8,3/3/2,126350,79133,4,,,,,
4,2027-02,8,3/3/2,126350,79133,6,,,,,
5,2027-03,12,3/4/5,240350,145890,10,,,,,
6,2027-04,12,3/4/5,240350,145890,14,,,,,
7,2027-05,15,3/4/8,340100,202946,20,,,,,
8,2027-06,15,3/4/8,340100,202946,26,,,,,
9,2027-07,15,3/4/8,340100,202946,31,,,,,
10,2027-08,15,3/4/8,340100,202946,37,,,,,
11,2027-09,15,3/4/8,340100,202946,43,,,,,
12,2027-10,15,3/4/8,340100,202946,48,,,,,
