month,jobs,revenue,net_margin,cuota,business_minus_cuota,buffer_without_business,buffer_with_business,capex_recovered_pct,postproc_hours,postproc_opportunity_cost
1,4.0,39900.0,27397.2,395000,-367602.8,1007257,1034654.2,0.8,1.5,1500.0
2,4.0,39900.0,27397.2,395000,-367602.8,1007257,1034654.2,1.5,1.5,1500.0
3,8.0,126350.0,79133.0,395000,-315867.0,1007257,1086390.0,3.8,4.2,4250.0
4,8.0,126350.0,79133.0,395000,-315867.0,1007257,1086390.0,6.0,4.2,4250.0
5,12.0,240350.0,145890.2,395000,-249109.8,1007257,1153147.2,10.1,7.8,7750.0
6,12.0,240350.0,145890.2,395000,-249109.8,1007257,1153147.2,14.2,7.8,7750.0
7,15.0,340100.0,202946.0,395000,-192054.0,1086552,1289498.0,19.9,10.8,10750.0
8,15.0,340100.0,202946.0,395000,-192054.0,1086552,1289498.0,25.6,10.8,10750.0
9,15.0,340100.0,202946.0,395000,-192054.0,1086552,1289498.0,31.3,10.8,10750.0
10,15.0,340100.0,202946.0,0,202946.0,1481552,1684498.0,37.0,10.8,10750.0
11,15.0,340100.0,202946.0,0,202946.0,1481552,1684498.0,42.7,10.8,10750.0
12,15.0,340100.0,202946.0,0,202946.0,1481552,1684498.0,48.5,10.8,10750.0
13,15.0,340100.0,202946.0,0,202946.0,1481552,1684498.0,54.2,10.8,10750.0
14,15.0,340100.0,202946.0,0,202946.0,1481552,1684498.0,59.9,10.8,10750.0
15,15.0,340100.0,202946.0,0,202946.0,1481552,1684498.0,65.6,10.8,10750.0
16,15.0,340100.0,202946.0,0,202946.0,1481552,1684498.0,71.3,10.8,10750.0
17,15.0,340100.0,202946.0,0,202946.0,1481552,1684498.0,77.0,10.8,10750.0
18,15.0,340100.0,202946.0,0,202946.0,1481552,1684498.0,82.7,10.8,10750.0
